ID Código Grupo,c_fundae,Acción Formativa,Código Grupo,Tipo de Acción Formativa,Denominación,Inicio,Fin,Not. Inicio,Not. Final,Modalidad,Duracion,Estado,Número de Participantes
56971,001-01,1,1,Propia,Curso de Inglés Nivel Intermedio,2026-01-12,2026-03-31,2026-01-09 18:57:19.913,2026-04-13 12:14:17.213,Teleformación,41,Finalizado,1
56993,002-01,2,1,Propia,Curso de Inglés - Advanced,2026-01-12,2026-03-31,2026-01-09 19:09:29.553,2026-04-13 12:20:20.120,Teleformación,41,Finalizado,1
57017,002-02,2,2,Propia,Curso de Inglés - Advanced,2026-01-12,2026-03-31,2026-01-09 19:08:35.980,2026-04-13 12:26:11.693,Teleformación,41,Finalizado,1
57813,003-01,3,1,Propia,Curso de Inglés Nivel Intermediate,2026-01-12,2026-03-31,2026-01-10 10:02:44.863,2026-04-13 12:31:41.203,Teleformación,82,Finalizado,1
57865,004-01,4,1,Propia,Curso de Inglés - Advanced,2026-01-12,2026-03-31,2026-01-10 10:22:44.183,2026-04-13 12:37:07.803,Teleformación,103,Finalizado,1
57932,005-01,5,1,Propia,Curso de Inglés Nivel B1,2026-01-12,2026-03-31,2026-01-10 10:41:37.657,2026-04-13 12:42:28.780,Teleformación,41,Finalizado,1
65773,006-01,6,1,Propia,Curso de Inglés Nivel B2,2026-01-15,2026-03-31,2026-01-13 09:39:49.893,,Teleformación,41,Válido,1
57996,007-01,7,1,Propia,Curso de Castellano,2026-01-12,2026-03-31,2026-01-10 10:58:19.803,,Teleformación,21,Válido,1
58009,008-01,8,1,Propia,Curso de Castellano,2026-01-12,2026-03-31,2026-01-10 11:05:57.283,,Teleformación,41,Válido,1
102020,009-01,9,1,Propia,Curso de Inglés - A2 Level - Elementary,2026-01-27,2026-05-26,2026-01-21 13:09:50.687,,Presencial,14,Válido,7
102244,009-02,9,2,Propia,Curso de Inglés - A2 Level - Elementary,2026-01-29,2026-05-28,2026-01-21 13:25:31.843,,Presencial,14,Válido,7
102285,009-03,9,3,Propia,Curso de Inglés - A2 Level - Elementary,2026-01-29,2026-05-28,2026-01-21 13:31:11.673,,Presencial,14,Válido,7
102348,009-04,9,4,Propia,Curso de Inglés - A2 Level - Elementary,2026-01-27,2026-05-26,2026-01-21 13:36:35.570,,Presencial,14,Válido,7
102386,009-05,9,5,Propia,Curso de Inglés - A2 Level - Elementary,2026-01-29,2026-05-28,2026-01-21 13:42:13.050,,Presencial,14,Válido,7
102738,010-01,10,1,Propia,Curso de Inglés - B1 Level - Intermediate,2026-01-29,2026-05-28,2026-01-21 14:20:36.907,,Presencial,14,Válido,7
102770,010-02,10,2,Propia,Curso de Inglés - B1 Level - Intermediate,2026-01-29,2026-05-28,2026-01-21 14:26:12.077,,Presencial,14,Válido,7
102786,010-03,10,3,Propia,Curso de Inglés - B1 Level - Intermediate,2026-01-27,2026-05-26,2026-01-21 14:30:07.380,,Presencial,14,Válido,8
102872,010-04,10,4,Propia,Curso de Inglés - B1 Level - Intermediate,2026-01-27,2026-05-26,2026-01-21 14:34:31.320,,Presencial,14,Válido,8
102892,010-05,10,5,Propia,Curso de Inglés - B1 Level - Intermediate,2026-01-28,2026-05-27,2026-01-21 14:39:44.170,,Presencial,14,Válido,8
102907,010-06,10,6,Propia,Curso de Inglés - B1 Level - Intermediate,2026-01-28,2026-05-27,2026-01-21 14:43:46.763,,Presencial,14,Válido,8
102926,010-07,10,7,Propia,Curso de Inglés - B1 Level - Intermediate,2026-01-29,2026-05-28,2026-01-21 14:47:51.573,,Presencial,14,Válido,8
102956,011-01,11,1,Propia,Curso de Inglés - B1.2 Level – Intermediate,2026-01-27,2026-05-26,2026-01-21 14:56:06.627,,Presencial,14,Válido,8
103045,011-02,11,2,Propia,Curso de Inglés - B1.2 Level – Intermediate,2026-01-28,2026-05-27,2026-01-21 14:59:51.467,,Presencial,14,Válido,8
103093,012-01,12,1,Propia,Curso de Inglés - B2 Level – Upper Intermediate,2026-01-29,2026-05-28,2026-01-21 15:14:11.377,,Presencial,14,Válido,8
103745,012-02,12,2,Propia,Curso de Inglés - B2 Level – Upper Intermediate,2026-01-29,2026-05-28,2026-01-21 16:34:06.287,,Presencial,14,Válido,8
103778,012-03,12,3,Propia,Curso de Inglés - B2 Level – Upper Intermediate,2026-01-27,2026-05-26,2026-01-21 16:40:13.850,,Presencial,14,Válido,8
103811,012-04,12,4,Propia,Curso de Inglés - B2 Level – Upper Intermediate,2026-01-27,2026-05-26,2026-01-21 16:45:20.980,,Presencial,14,Válido,8
104208,012-05,12,5,Propia,Curso de Inglés - B2 Level – Upper Intermediate,2026-01-28,2026-05-27,2026-01-21 17:50:17.437,,Presencial,14,Válido,8
104224,012-06,12,6,Propia,Curso de Inglés - B2 Level – Upper Intermediate,2026-01-28,2026-05-27,2026-01-21 17:54:10.443,,Presencial,14,Válido,8
104265,013-01,13,1,Propia,Curso de Inglés - C1 Level – Advanced,2026-01-27,2026-05-26,2026-01-21 18:07:05.467,,Presencial,14,Válido,8
104279,013-02,13,2,Propia,Curso de Inglés - C1 Level – Advanced,2026-01-28,2026-05-27,2026-01-21 18:10:52.540,,Presencial,14,Válido,8
90458,014-01,14,1,Propia,Curso de Inglés Nivel B1,2026-01-20,2026-06-30,2026-01-18 09:52:15.217,,Teleformación,35,Válido,1
90459,015-01,15,1,Propia,Curso de Inglés Nivel B1,2026-01-20,2026-06-30,2026-01-18 09:57:01.273,,Teleformación,35,Válido,1
90460,016-01,16,1,Propia,Curso de Inglés Nivel Intermedio,2026-01-20,2026-06-30,2026-01-18 10:02:50.717,,Teleformación,35,Válido,1
90462,017-01,17,1,Propia,Curso de Inglés Nivel Intermedio Plus,2026-01-20,2026-06-30,2026-01-18 10:21:50.567,,Teleformación,35,Válido,5
281585,017-02,17,2,Propia,Curso de Inglés Nivel Intermediate Plus,2026-03-09,2026-06-30,2026-03-06 13:54:45.093,,Teleformación,35,Válido,1
90463,018-01,18,1,Propia,Curso de Inglés - Advanced,2026-01-20,2026-06-30,2026-01-18 10:20:18.897,,Teleformación,35,Válido,2
93036,019-01,19,1,Propia,Curso de Alemán Nivel Avanzado.,2026-01-27,2026-06-16,2026-01-19 13:31:14.730,,Presencial,20,Válido,1
93121,019-02,19,2,Propia,Curso de Alemán Nivel Avanzado.,2026-01-26,2026-07-06,2026-01-19 13:38:56.827,,Presencial,20,Válido,1
94117,019-03,19,3,Propia,Curso de Alemán Nivel Avanzado.,2026-01-27,2026-06-16,2026-01-19 16:00:55.637,,Presencial,20,Válido,1
107749,020-01,20,1,Propia,Curso de Inglés - Intermediate Level.,2026-01-27,2026-03-26,2026-01-22 14:31:08.483,2026-04-01 12:31:39.770,Presencial,18,Finalizado,5
107769,020-02,20,2,Propia,Curso de Inglés - Intermediate Level.,2026-01-26,2026-03-24,2026-01-22 14:34:47.833,2026-04-01 12:17:04.193,Presencial,18,Finalizado,5
107845,021-01,21,1,Propia,Curso de Inglés Nivel Intermediate Upper Levels.,2026-01-26,2026-03-25,2026-01-22 14:44:47.510,2026-04-01 11:29:08.903,Presencial,18,Finalizado,5
108247,022-01,22,1,Propia,Curso de Inglés - Nivel Intermedio,2026-01-28,2026-03-27,2026-01-23 13:00:54.223,2026-04-01 12:10:00.630,Presencial,13,Finalizado,1
108356,022-02,22,2,Propia,Curso de Inglés - Nivel Intermedio,2026-01-27,2026-03-25,2026-01-22 16:13:16.570,2026-04-01 12:46:28.743,Presencial,13,Finalizado,1
108408,023-01,23,1,Propia,Curso de Inglés - Upper Intermediate.,2026-01-26,2026-03-24,2026-01-22 16:21:33.277,2026-04-01 12:20:51.250,Presencial,13,Finalizado,1
108445,024-01,24,1,Propia,Curso de Inglés - Nivel Intermedio - Alto,2026-01-26,2026-06-08,2026-01-22 16:28:25.520,,Presencial,20,Válido,1
108978,025-01,25,1,Propia,Curso de Inglés Nivel - Advanced Level.,2026-01-27,2026-06-16,2026-01-22 18:02:42.047,,Mixta,66,Válido,1
111721,026-01,26,1,Propia,Curso de francés - Nivel Principiante - Bajo,2026-01-26,2026-04-26,2026-01-23 12:11:47.887,,Teleformación,38,Válido,9
111908,027-01,27,1,Propia,Curso de francés - Nivel Principiante.,2026-01-26,2026-04-26,2026-01-23 12:25:31.667,2026-05-13 11:22:42.217,Teleformación,38,Finalizado,9
112049,028-01,28,1,Propia,Curso de Frances INTERMEDIATE LEVEL,2026-01-26,2026-04-26,2026-01-23 12:37:31.550,2026-05-13 11:10:57.607,Teleformación,38,Finalizado,9
119222,029-01,29,1,Propia,Curso de Inglés Nivel B1,2026-01-28,2026-03-27,2026-01-26 13:27:00.900,2026-03-31 12:27:04.197,Teleformación,22,Finalizado,4
141759,030-01,30,1,Propia,Curso de Inglés Nivel Intermedio,2026-02-02,2026-05-22,2026-01-29 14:53:55.900,2026-06-18 12:01:40.463,Teleformación,30,Finalizado,1
148060,031-01,31,1,Propia,Curso de Inglés Nivel Avanzado.,2026-02-03,2026-03-25,2026-01-30 16:16:37.223,2026-04-01 11:37:23.267,Presencial,16,Finalizado,5
198211,032-01,32,1,Propia,Curso de Inglés Nivel A2 / Beginners,2026-02-16,2026-06-30,2026-02-13 12:03:12.550,,Teleformación,35,Válido,1
204113,033-01,33,1,Propia,Curso de Inglés Nivel A2,2026-02-18,2026-05-18,2026-02-16 13:43:52.253,2026-06-04 09:24:23.287,Teleformación,25,Finalizado,2
250586,034-01,34,1,Propia,Curso de Inglés Nivel A2,2026-03-02,2026-05-31,2026-02-26 15:31:15.180,2026-06-15 10:29:17.920,Teleformación,22,Finalizado,1
279120,035-01,35,1,Propia,Curso de Inglés Nivel A2 - CENIEH,2026-03-09,2026-11-30,2026-03-06 10:31:19.050,,Teleformación,75,Válido,6
279184,036-01,36,1,Propia,Curso de Inglés Nivel B1 - CENIEH,2026-03-09,2026-11-30,2026-03-06 10:38:27.240,,Teleformación,75,Válido,6
279260,037-01,37,1,Propia,Curso de Inglés Nivel B1.2 - CENIEH,2026-03-09,2026-11-30,2026-03-06 10:45:40.627,,Teleformación,75,Válido,6
279315,038-01,38,1,Propia,Curso de Inglés Nivel B2 - CENIEH,2026-03-09,2026-11-30,2026-03-06 10:50:10.537,,Teleformación,75,Válido,6
279411,039-01,39,1,Propia,Curso de Inglés Nivel Avanzado - CENIEH,2026-03-09,2026-11-30,2026-03-06 10:58:02.933,,Teleformación,75,Válido,6
254387,040-01,40,1,Propia,Curso de Inglés Nivel B1 - Attrim,2026-03-02,2026-06-28,2026-02-27 11:46:38.407,2026-07-29 16:59:55.600,Teleformación,30,Finalizado,1
254547,041-01,41,1,Propia,Curso de Inglés Nivel B1.2 - Attrim ,2026-03-02,2026-06-28,2026-02-27 11:57:20.620,2026-07-29 15:25:06.687,Teleformación,30,Finalizado,1
254603,042-01,42,1,Propia,Curso de Inglés Nivel B1 - Angela,2026-03-02,2026-06-28,2026-02-27 12:02:39.440,,Teleformación,30,Válido,1
254637,042-02,42,2,Propia,Curso de Inglés Nivel B1 - Nettrim,2026-03-02,2026-06-28,2026-02-27 12:05:14.187,,Teleformación,30,Válido,1
254714,043-01,43,1,Propia,Curso de Inglés - Intermediate level- Angela,2026-03-02,2026-06-28,2026-02-27 12:10:39.720,,Teleformación,30,Válido,1
254754,044-01,44,1,Propia,Curso de Inglés Nivel B2 - DataIE,2026-03-02,2026-06-28,2026-02-27 12:14:37.843,,Teleformación,30,Válido,1
255035,045-01,45,1,Propia,Curso de Inglés Nivel B1 - Nettrim,2026-03-02,2026-06-28,2026-02-27 12:28:05.103,2026-07-22 10:19:12.007,Teleformación,30,Finalizado,1
255134,046-01,46,1,Propia,Curso de Inglés Nivel B1 - Nettrim,2026-03-02,2026-06-28,2026-02-27 12:32:13.877,,Teleformación,30,Anulado,1
255191,048-01,48,1,Propia,Curso de Inglés Nivel A2 - Nettrim,2026-03-02,2026-06-28,2026-02-27 12:35:53.523,2026-07-22 10:33:10.193,Teleformación,30,Finalizado,1
256966,049-01,49,1,Propia,Curso de Inglés Nivel B1.2 - Nettrim,2026-03-02,2026-06-28,2026-02-27 16:13:40.883,2026-07-22 10:27:28.100,Teleformación,30,Finalizado,1
257671,050-01,50,1,Propia,Curso de Inglés Nivel A2 - Tekia,2026-03-02,2026-05-03,2026-02-28 10:15:09.087,2026-05-12 09:40:02.787,Teleformación,22,Finalizado,2
519812,050-02,50,2,Propia,Curso de Inglés Nivel A2 - Tekia 2,2026-05-18,2026-07-19,2026-05-15 10:37:45.973,,Teleformación,22,Válido,1
257675,051-01,51,1,Propia,Curso de Inglés Nivel B1.2 - Tekia,2026-03-02,2026-05-03,2026-02-28 10:21:13.150,2026-05-12 10:01:17.193,Teleformación,22,Finalizado,1
257682,052-01,52,1,Propia,Curso de Inglés Nivel B2 - Tekia,2026-03-02,2026-05-03,2026-02-28 10:29:47.820,,Teleformación,22,Válido,1
257687,053-01,53,1,Propia,Curso de Inglés - Advanced Level - Tekia,2026-03-02,2026-05-03,2026-02-28 10:38:38.347,2026-05-12 10:13:38.790,Teleformación,22,Finalizado,1
257693,053-02,53,2,Propia,Curso de Inglés - Advanced Level.,2026-03-02,2026-05-03,2026-02-28 10:47:57.327,2026-05-12 10:08:01.507,Teleformación,22,Finalizado,1
519703,053-04,53,4,Propia,Curso de Inglés - Advanced Level - Tekia 2,2026-05-18,2026-07-19,2026-05-15 10:22:55.200,,Teleformación,22,Válido,1
519719,053-05,53,5,Propia,Curso de Inglés - Advanced Level - Tekia 2,2026-05-18,2026-07-19,2026-05-15 10:25:46.123,,Teleformación,22,Válido,1
257698,054-01,54,1,Propia,Curso de Castellano Nivel Intermedio - Tekia,2026-03-02,2026-05-03,2026-02-28 10:52:43.413,2026-05-12 10:19:53.453,Teleformación,30,Finalizado,1
279582,055-01,55,1,Propia,Curso de Inglés Nivel B1 - Torres y Carrera,2026-03-09,2026-06-14,2026-03-06 11:38:08.090,2026-07-31 10:41:10.967,Teleformación,25,Finalizado,1
279811,055-02,55,2,Propia,Curso de Inglés Nivel B1 - Torres y Carrera,2026-03-09,2026-06-14,2026-03-06 11:35:44.043,2026-07-31 10:47:17.237,Teleformación,25,Finalizado,1
279908,055-03,55,3,Propia,Curso de Inglés Nivel B1- Torres y Carrera,2026-03-09,2026-06-14,2026-03-06 11:44:13.517,,Teleformación,25,Válido,1
280004,056-01,56,1,Propia,Curso de Portugués Nivel Intermedio - Torres y Carrera.,2026-03-09,2026-06-14,2026-03-06 11:51:49.587,2026-07-31 10:53:37.597,Teleformación,50,Finalizado,1
353235,057-01,57,1,Propia,Curso de francés nivel Principiante.,2026-04-01,2026-07-31,2026-03-27 12:27:37.200,,Teleformación,38,Válido,1
353250,057-02,57,2,Propia,Curso de francés  Nivel Principiante,2026-04-01,2026-07-31,2026-03-27 12:30:23.460,,Teleformación,38,Válido,1
372018,058-01,58,1,Propia,Curso de Inglés Nivel Intermedio,2026-04-08,2026-06-30,2026-04-06 12:13:12.503,,Teleformación,45,Válido,1
372161,059-01,59,1,Propia,Curso de Inglés Nivel - Advanced,2026-04-08,2026-06-30,2026-04-06 12:24:47.560,,Teleformación,45,Válido,1
372408,060-01,60,1,Propia,Curso de Inglés - Advanced,2026-04-08,2026-06-30,2026-04-06 12:46:10.770,,Teleformación,25,Válido,1
372511,061-01,61,1,Propia,Curso de Inglés Nivel Intermedio,2026-04-08,2026-06-30,2026-04-06 12:52:48.827,,Teleformación,90,Válido,1
372571,062-01,62,1,Propia,Curso de Inglés- Advanced,2026-04-08,2026-06-30,2026-04-06 12:57:49.037,,Teleformación,112,Válido,1
372681,063-01,63,1,Propia,Curso de Inglés Nivel B1.2,2026-04-08,2026-06-30,2026-04-06 13:03:18.520,,Teleformación,25,Válido,1
372739,064-01,64,1,Propia,Curso de Inglés Nivel B2,2026-04-08,2026-06-30,2026-04-06 13:08:20.460,,Teleformación,45,Válido,1
374738,065-01,65,1,Propia,Curso de Castellano Nivel Bajo-Medio,2026-04-08,2026-06-30,2026-04-06 17:29:02.463,,Teleformación,25,Válido,1
400639,066-01,66,1,Propia,Curso de Inglés Nivel B1 - Naqua,2026-04-15,2026-06-15,2026-04-13 12:03:47.100,,Teleformación,22,Válido,1
404658,067-01,67,1,Propia,Curso de Inglés Nivel Intermedio - Iberassekuranz,2026-04-17,2026-07-15,2026-04-14 10:06:58.133,,Teleformación,30,Válido,8
410777,068-01,68,1,Propia,Curso de Inglés Nivel Principiante Iberassekuranz,2026-04-17,2026-07-15,2026-04-15 11:32:59.140,,Teleformación,30,Válido,8
410877,069-01,69,1,Propia,Curso de Inglés Nivel Intermedio Iberassekuranz,2026-04-17,2026-07-15,2026-04-15 11:41:20.583,,Teleformación,30,Válido,8
410696,070-01,70,1,Propia,Curso de Inglés Nivel Principiante Iberassekuranz,2026-04-17,2026-07-15,2026-04-15 11:27:24.273,,Teleformación,30,Válido,8
410971,071-01,71,1,Propia,Curso de Inglés Nivel Principiante Iberassekuranz,2026-04-17,2026-07-15,2026-04-15 11:52:35.103,,Teleformación,15,Válido,8
411078,072-01,72,1,Propia,Curso de Inglés Nivel Intermedio Iberassekuranz,2026-04-17,2026-07-15,2026-04-15 12:00:14.127,,Teleformación,15,Válido,8
411183,073-01,73,1,Propia,Curso de Inglés Nivel Intermedio Iberassekuranz,2026-04-17,2026-07-15,2026-04-15 12:12:39.727,,Teleformación,15,Válido,8
411323,074-01,74,1,Propia,Curso de Italiano / Iberassekuranz,2026-04-17,2026-07-15,2026-04-15 12:25:59.130,,Teleformación,18,Válido,5
411371,075-01,75,1,Propia,Curso de Alemán/ Nivel Básico. Iberassekuranz,2026-04-17,2026-07-15,2026-04-15 12:31:16.683,,Teleformación,18,Válido,5
411414,076-01,76,1,Propia,Curso de Francés Intermedio - Iberassekuranz,2026-04-17,2026-07-15,2026-04-15 12:35:06.817,,Teleformación,18,Válido,5
426478,077-01,77,1,Propia,Curso de Inglés Nivel C1 - Iberassekuranz,2026-04-22,2026-07-15,2026-04-20 10:39:02.497,,Teleformación,30,Válido,1
426522,078-01,78,1,Propia,Curso de Inglés Nivel Intermedio - Iberassekuranz,2026-04-22,2026-07-15,2026-04-20 10:43:08.357,,Teleformación,15,Válido,1
443404,079-01,79,1,Propia,Curso de Inglés Nivel Intermedio - GKN,2026-04-25,2026-06-30,2026-04-23 14:50:46.183,,Teleformación,35,Válido,1
449068,080-01,80,1,Propia,Curso de Inglés Nivel Intermedio ,2026-04-27,2026-06-23,2026-04-25 09:13:29.613,,Presencial,18,Válido,4
449073,080-02,80,2,Propia,Curso de Inglés Nivel Intermedio,2026-04-28,2026-06-25,2026-04-25 09:23:30.247,,Presencial,18,Válido,5
449071,081-01,81,1,Propia,Curso de Inglés Nivel Intermedio - Alto,2026-04-27,2026-06-24,2026-04-25 09:18:47.313,,Presencial,18,Válido,5
449075,081-02,81,2,Propia,Curso de Inglés Nivel Intermedio - Alto,2026-04-27,2026-06-23,2026-04-25 09:28:38.330,,Presencial,18,Válido,4
449222,082-01,82,1,Propia,Curso de inglés (general),2026-04-27,2026-06-24,2026-04-25 18:42:16.963,,Presencial,13,Válido,1
449224,082-02,82,2,Propia,Curso de inglés (general),2026-04-30,2026-06-26,2026-04-25 18:57:39.463,,Presencial,13,Válido,1
449227,082-03,82,3,Propia,Curso de inglés (general),2026-04-27,2026-06-25,2026-04-25 19:12:21.090,,Presencial,13,Válido,1
449232,082-04,82,4,Propia,Curso de inglés (general),2026-04-27,2026-06-24,2026-04-25 19:23:48.113,,Presencial,13,Válido,1
519897,083-01,83,1,Propia,Curso de Inglés Nivel Intermedio - Tekia 2,2026-05-18,2026-07-19,2026-05-15 10:51:48.420,,Teleformación,22,Válido,1
519867,084-01,84,1,Propia,Curso de Inglés Nivel Avanzado - Tekia 2,2026-05-18,2026-07-19,2026-05-15 10:45:55.233,,Teleformación,22,Válido,1
519961,085-01,85,1,Propia,Curso de Inglés Nivel B1.2 - Tekia 2,2026-05-18,2026-07-19,2026-05-15 10:58:14.743,,Teleformación,22,Válido,1
520058,086-01,86,1,Propia,Curso de Inglés Nivel Principiante - Tekia 2,2026-05-18,2026-07-19,2026-05-15 11:15:59.483,,Teleformación,22,Válido,1
520101,087-01,87,1,Propia,Curso de Inglés Nivel B1 - Tekia 2,2026-05-18,2026-07-19,2026-05-15 11:19:50.100,,Teleformación,22,Válido,3
520128,088-01,88,1,Propia,Curso de Inglés Nivel B2 - Tekia 2,2026-05-18,2026-07-19,2026-05-15 11:23:56.853,,Teleformación,22,Válido,1
576409,089-01,89,1,Propia,Curso de Francés Intermedio - Bajo ( Papelera del NERVÓN ),2026-06-03,2026-09-18,2026-06-01 10:10:23.630,,Teleformación,25,Válido,2
576440,090-01,90,1,Propia,Curso de francés - Nivel Principiante ( Papelera del Nervión),2026-06-03,2026-09-18,2026-06-01 10:17:22.993,,Teleformación,25,Válido,2
576502,091-01,91,1,Propia,Curso de Inglés - Nivel A2/B1 - (Papelera del Nervión),2026-06-03,2026-09-18,2026-06-01 10:35:49.823,,Teleformación,25,Válido,2
576565,092-01,92,1,Propia,Curso de Inglés - Nivel Intermedio - (Papelera del Nervión),2026-06-03,2026-09-18,2026-06-01 10:33:51.843,,Teleformación,25,Válido,2
622443,093-01,93,1,Propia,Curso de Inglés Nivel A2,2026-06-17,2026-09-18,2026-06-15 10:23:08.503,,Teleformación,22,Válido,1
724177,095-01,95,1,Propia,Curso de Inglés Nivel Avanzado.,2026-07-31,2026-08-31,2026-07-29 11:39:51.947,,Teleformación,12,Válido,1
724190,096-01,96,1,Propia,Curso de Inglés Nivel B1.2,2026-07-31,2026-08-31,2026-07-29 11:46:13.107,,Teleformación,12,Válido,1
724209,097-01,97,1,Propia,Curso de Inglés Nivel B2,2026-07-31,2026-08-31,2026-07-29 11:51:13.410,,Teleformación,12,Válido,1
730777,099-01,99,1,Propia,Curso de Inglés Nivel B1,2026-08-03,2026-11-30,2026-07-31 17:21:14.413,,Teleformación,30,Válido,3
