c_fundae,id_grupo,denominacion_accion_formativa,Estado
001-01,56971,Curso de Inglés Nivel Intermedio,Finalizado
002-01,56993,Curso de Inglés - Advanced,Finalizado
002-02,57017,Curso de Inglés - Advanced,Finalizado
003-01,57813,Curso de Inglés Nivel Intermediate,Finalizado
004-01,57865,Curso de Inglés - Advanced,Finalizado
005-01,57932,Curso de Inglés Nivel B1,Finalizado
006-01,65773,Curso de Inglés Nivel B2,Válido
007-01,57996,Curso de Castellano,Válido
008-01,58009,Curso de Castellano,Válido
009-01,102020,Curso de Inglés - A2 Level - Elementary,Válido
009-02,102244,Curso de Inglés - A2 Level - Elementary,Válido
009-03,102285,Curso de Inglés - A2 Level - Elementary,Válido
009-04,102348,Curso de Inglés - A2 Level - Elementary,Válido
009-05,102386,Curso de Inglés - A2 Level - Elementary,Válido
010-01,102738,Curso de Inglés - B1 Level - Intermediate,Válido
010-02,102770,Curso de Inglés - B1 Level - Intermediate,Válido
010-03,102786,Curso de Inglés - B1 Level - Intermediate,Válido
010-04,102872,Curso de Inglés - B1 Level - Intermediate,Válido
010-05,102892,Curso de Inglés - B1 Level - Intermediate,Válido
010-06,102907,Curso de Inglés - B1 Level - Intermediate,Válido
010-07,102926,Curso de Inglés - B1 Level - Intermediate,Válido
011-01,102956,Curso de Inglés - B1.2 Level – Intermediate,Válido
011-02,103045,Curso de Inglés - B1.2 Level – Intermediate,Válido
012-01,103093,Curso de Inglés - B2 Level – Upper Intermediate,Válido
012-02,103745,Curso de Inglés - B2 Level – Upper Intermediate,Válido
012-03,103778,Curso de Inglés - B2 Level – Upper Intermediate,Válido
012-04,103811,Curso de Inglés - B2 Level – Upper Intermediate,Válido
012-05,104208,Curso de Inglés - B2 Level – Upper Intermediate,Válido
012-06,104224,Curso de Inglés - B2 Level – Upper Intermediate,Válido
013-01,104265,Curso de Inglés - C1 Level – Advanced,Válido
013-02,104279,Curso de Inglés - C1 Level – Advanced,Válido
014-01,90458,Curso de Inglés Nivel B1,Válido
015-01,90459,Curso de Inglés Nivel B1,Válido
016-01,90460,Curso de Inglés Nivel Intermedio,Válido
017-01,90462,Curso de Inglés Nivel Intermedio Plus,Válido
017-02,281585,Curso de Inglés Nivel Intermediate Plus,Válido
018-01,90463,Curso de Inglés - Advanced,Válido
019-01,93036,Curso de Alemán Nivel Avanzado.,Válido
019-02,93121,Curso de Alemán Nivel Avanzado.,Válido
019-03,94117,Curso de Alemán Nivel Avanzado.,Válido
020-01,107749,Curso de Inglés - Intermediate Level.,Finalizado
020-02,107769,Curso de Inglés - Intermediate Level.,Finalizado
021-01,107845,Curso de Inglés Nivel Intermediate Upper Levels.,Finalizado
022-01,108247,Curso de Inglés - Nivel Intermedio,Finalizado
022-02,108356,Curso de Inglés - Nivel Intermedio,Finalizado
023-01,108408,Curso de Inglés - Upper Intermediate.,Finalizado
024-01,108445,Curso de Inglés - Nivel Intermedio - Alto,Válido
025-01,108978,Curso de Inglés Nivel - Advanced Level.,Válido
026-01,111721,Curso de francés - Nivel Principiante - Bajo,Válido
027-01,111908,Curso de francés - Nivel Principiante.,Finalizado
028-01,112049,Curso de Frances INTERMEDIATE LEVEL,Finalizado
029-01,119222,Curso de Inglés Nivel B1,Finalizado
030-01,141759,Curso de Inglés Nivel Intermedio,Finalizado
031-01,148060,Curso de Inglés Nivel Avanzado.,Finalizado
032-01,198211,Curso de Inglés Nivel A2 / Beginners,Válido
033-01,204113,Curso de Inglés Nivel A2,Finalizado
034-01,250586,Curso de Inglés Nivel A2,Finalizado
035-01,279120,Curso de Inglés Nivel A2 - CENIEH,Válido
036-01,279184,Curso de Inglés Nivel B1 - CENIEH,Válido
037-01,279260,Curso de Inglés Nivel B1.2 - CENIEH,Válido
038-01,279315,Curso de Inglés Nivel B2 - CENIEH,Válido
039-01,279411,Curso de Inglés Nivel Avanzado - CENIEH,Válido
040-01,254387,Curso de Inglés Nivel B1 - Attrim,Finalizado
041-01,254547,Curso de Inglés Nivel B1.2 - Attrim ,Finalizado
042-01,254603,Curso de Inglés Nivel B1 - Angela,Válido
042-02,254637,Curso de Inglés Nivel B1 - Nettrim,Válido
043-01,254714,Curso de Inglés - Intermediate level- Angela,Válido
044-01,254754,Curso de Inglés Nivel B2 - DataIE,Válido
045-01,255035,Curso de Inglés Nivel B1 - Nettrim,Finalizado
046-01,255134,Curso de Inglés Nivel B1 - Nettrim,Anulado
048-01,255191,Curso de Inglés Nivel A2 - Nettrim,Finalizado
049-01,256966,Curso de Inglés Nivel B1.2 - Nettrim,Finalizado
050-01,257671,Curso de Inglés Nivel A2 - Tekia,Finalizado
050-02,519812,Curso de Inglés Nivel A2 - Tekia 2,Válido
051-01,257675,Curso de Inglés Nivel B1.2 - Tekia,Finalizado
052-01,257682,Curso de Inglés Nivel B2 - Tekia,Válido
053-01,257687,Curso de Inglés - Advanced Level - Tekia,Finalizado
053-02,257693,Curso de Inglés - Advanced Level.,Finalizado
053-04,519703,Curso de Inglés - Advanced Level - Tekia 2,Válido
053-05,519719,Curso de Inglés - Advanced Level - Tekia 2,Válido
054-01,257698,Curso de Castellano Nivel Intermedio - Tekia,Finalizado
055-01,279582,Curso de Inglés Nivel B1 - Torres y Carrera,Finalizado
055-02,279811,Curso de Inglés Nivel B1 - Torres y Carrera,Finalizado
055-03,279908,Curso de Inglés Nivel B1- Torres y Carrera,Válido
056-01,280004,Curso de Portugués Nivel Intermedio - Torres y Carrera.,Finalizado
057-01,353235,Curso de francés nivel Principiante.,Válido
057-02,353250,Curso de francés  Nivel Principiante,Válido
058-01,372018,Curso de Inglés Nivel Intermedio,Válido
059-01,372161,Curso de Inglés Nivel - Advanced,Válido
060-01,372408,Curso de Inglés - Advanced,Válido
061-01,372511,Curso de Inglés Nivel Intermedio,Válido
062-01,372571,Curso de Inglés- Advanced,Válido
063-01,372681,Curso de Inglés Nivel B1.2,Válido
064-01,372739,Curso de Inglés Nivel B2,Válido
065-01,374738,Curso de Castellano Nivel Bajo-Medio,Válido
066-01,400639,Curso de Inglés Nivel B1 - Naqua,Válido
067-01,404658,Curso de Inglés Nivel Intermedio - Iberassekuranz,Válido
068-01,410777,Curso de Inglés Nivel Principiante Iberassekuranz,Válido
069-01,410877,Curso de Inglés Nivel Intermedio Iberassekuranz,Válido
070-01,410696,Curso de Inglés Nivel Principiante Iberassekuranz,Válido
071-01,410971,Curso de Inglés Nivel Principiante Iberassekuranz,Válido
072-01,411078,Curso de Inglés Nivel Intermedio Iberassekuranz,Válido
073-01,411183,Curso de Inglés Nivel Intermedio Iberassekuranz,Válido
074-01,411323,Curso de Italiano / Iberassekuranz,Válido
075-01,411371,Curso de Alemán/ Nivel Básico. Iberassekuranz,Válido
076-01,411414,Curso de Francés Intermedio - Iberassekuranz,Válido
077-01,426478,Curso de Inglés Nivel C1 - Iberassekuranz,Válido
078-01,426522,Curso de Inglés Nivel Intermedio - Iberassekuranz,Válido
079-01,443404,Curso de Inglés Nivel Intermedio - GKN,Válido
080-01,449068,Curso de Inglés Nivel Intermedio ,Válido
080-02,449073,Curso de Inglés Nivel Intermedio,Válido
081-01,449071,Curso de Inglés Nivel Intermedio - Alto,Válido
081-02,449075,Curso de Inglés Nivel Intermedio - Alto,Válido
082-01,449222,Curso de inglés (general),Válido
082-02,449224,Curso de inglés (general),Válido
082-03,449227,Curso de inglés (general),Válido
082-04,449232,Curso de inglés (general),Válido
083-01,519897,Curso de Inglés Nivel Intermedio - Tekia 2,Válido
084-01,519867,Curso de Inglés Nivel Avanzado - Tekia 2,Válido
085-01,519961,Curso de Inglés Nivel B1.2 - Tekia 2,Válido
086-01,520058,Curso de Inglés Nivel Principiante - Tekia 2,Válido
087-01,520101,Curso de Inglés Nivel B1 - Tekia 2,Válido
088-01,520128,Curso de Inglés Nivel B2 - Tekia 2,Válido
089-01,576409,Curso de Francés Intermedio - Bajo ( Papelera del NERVÓN ),Válido
090-01,576440,Curso de francés - Nivel Principiante ( Papelera del Nervión),Válido
091-01,576502,Curso de Inglés - Nivel A2/B1 - (Papelera del Nervión),Válido
092-01,576565,Curso de Inglés - Nivel Intermedio - (Papelera del Nervión),Válido
093-01,622443,Curso de Inglés Nivel A2,Válido
095-01,724177,Curso de Inglés Nivel Avanzado.,Válido
096-01,724190,Curso de Inglés Nivel B1.2,Válido
097-01,724209,Curso de Inglés Nivel B2,Válido
099-01,730777,Curso de Inglés Nivel B1,Válido
